PKWiracocha;104;123;133
yopalch;48;123;1331
KravchEI;79;123;1331
ENROSCADO;68;123;1331
GalinaN1k;75;123;1331
denis1011101;265;13;1331
Keklil;268;123;1331
MarySharaveva;122;123;1331
Shurik_Oy;18;123;1331
yrcnbt;0;123;1331
vasskko;137;123;1331
fidg74;5;123;1331
danilmua;7;123;1331
DropADuce;16;123;1331
enflaer;17;123;1331
Rafael_E93;27;123;1331
Marsh_F;42;123;1331
anna_malgin;44;123;1331
pishite_sv;49;123;1331
Tricky_Mike;54;123;1331
KukuNika;57;123;1331
temych02;92;123;1331
AleksanderKorobkin;110;123;1331
GreyDog45;164;123;1331
